compile_time_s,device,library,num_envs,runtime_mean_s,runtime_std_s,steps_per_env,success,throughput_steps_per_s,total_steps,total_time_s
0.9663502089679241,cpu,myriad,1000,0.6382274331524969,0.000996714513967223,5000,,7834197.874106908,5000000,1.604577642120421
1.0438430418726057,cpu,gymnax,1000,0.8148619417566806,0.0014447260141531896,5000,True,6136008.744280034,5000000,1.8587049836292864
0.0,cpu,gymnasium,1,23.34952462478541,0.38558246312190103,5000000,True,214137.12186210952,5000000,23.34952462478541
