compile_time_s,device,library,num_envs,runtime_mean_s,runtime_std_s,steps_per_env,success,throughput_steps_per_s,total_steps,total_time_s
1.519743041950278,cpu,myriad,1000,1.2887997959856876,0.012802476709358787,10000,,7759157.032106678,10000000,2.8085428379359656
1.8499706248985603,cpu,gymnax,1000,1.6259440917056054,0.017338556258558152,10000,True,6150272.971261921,10000000,3.4759147166041657
0.0,cpu,gymnasium,1,57.26189820839791,0.9517084121310874,10000000,True,174636.1946229268,10000000,57.26189820839791
