compile_time_s,device,library,num_envs,runtime_mean_s,runtime_std_s,steps_per_env,success,throughput_steps_per_s,total_steps,total_time_s
0.9681404998991638,cpu,myriad,1000,0.6824039668310433,0.025461458615225894,5000,,7327038.298471604,5000000,1.6505444667302072
1.1095601660199463,cpu,gymnax,1000,0.8458241416141391,0.0017685496635844345,5000,True,5911394.288720806,5000000,1.9553843076340853
0.0,cpu,gymnasium,1,23.18896036683582,0.21781407396710353,5000000,True,215619.8432746841,5000000,23.18896036683582
