agent_memory_mb,baseline_cpu_mb,cpu_delta_mb,device,env_name,num_envs,post_compile_cpu_mb,pytree_total_mb,scan_chunk_size,state_memory_mb,success
0.0,144.71875,104.40625,cpu,cartpole,100,249.125,0.0034332275390625,256,0.0034332275390625,True
0.0,247.5,15.84375,cpu,cartpole,1000,263.34375,0.034332275390625,256,0.034332275390625,True
0.0,261.0625,8.671875,cpu,cartpole,10000,269.734375,0.34332275390625,256,0.34332275390625,True
0.0,267.515625,21.484375,cpu,cartpole,50000,289.0,1.71661376953125,128,1.71661376953125,True
