agent_memory_mb,baseline_cpu_mb,cpu_delta_mb,device,env_name,num_envs,post_compile_cpu_mb,pytree_total_mb,scan_chunk_size,state_memory_mb,success
0.0,145.109375,104.578125,cpu,cartpole,100,249.6875,0.0034332275390625,256,0.0034332275390625,True
0.0,248.046875,22.9375,cpu,cartpole,1000,270.984375,0.034332275390625,256,0.034332275390625,True
0.0,269.328125,13.875,cpu,cartpole,10000,283.203125,0.34332275390625,256,0.34332275390625,True
0.0,281.546875,35.90625,cpu,cartpole,100000,317.453125,3.4332275390625,128,3.4332275390625,True
0.0,315.796875,108.234375,cpu,cartpole,500000,424.03125,17.1661376953125,64,17.1661376953125,True
0.0,422.375,203.640625,cpu,cartpole,1000000,626.015625,34.332275390625,32,34.332275390625,True
0.0,624.359375,286.46875,cpu,cartpole,2000000,910.828125,68.66455078125,16,68.66455078125,True
0.0,816.53125,611.796875,cpu,cartpole,5000000,1428.328125,171.661376953125,8,171.661376953125,True
