agent_memory_mb,baseline_cpu_mb,cpu_delta_mb,device,env_name,num_envs,post_compile_cpu_mb,pytree_total_mb,scan_chunk_size,state_memory_mb,success
0.0,143.40625,112.234375,cpu,cartpole,100,255.640625,0.0034332275390625,256,0.0034332275390625,True
0.0,254.0,17.890625,cpu,cartpole,1000,271.890625,0.034332275390625,256,0.034332275390625,True
0.0,269.75,13.71875,cpu,cartpole,10000,283.46875,0.34332275390625,256,0.34332275390625,True
0.0,281.3125,24.09375,cpu,cartpole,50000,305.40625,1.71661376953125,128,1.71661376953125,True
