agent_memory_mb,device,env_name,num_envs,num_steps,per_env_throughput_steps_per_s,scan_chunk_size,state_memory_mb,success,time_max_s,time_mean_s,time_min_s,time_std_s,total_memory_mb,total_throughput_steps_per_s
0.0,cpu,cartpole,100,1000,50405.36462500915,256,0.0034332275390625,True,0.020144541980698705,0.019839158141985537,0.019687416963279247,0.00015772390628301656,0.0034332275390625,5040536.462500915
0.0,cpu,cartpole,1000,1000,7781.176716258527,256,0.034332275390625,True,0.12884933385066688,0.12851526658050716,0.12779974984005094,0.0003725113712082819,0.034332275390625,7781176.716258528
0.0,cpu,cartpole,10000,500,1957.108149066337,256,0.34332275390625,True,0.2558627079706639,0.2554789832327515,0.2551685420330614,0.00023394305757073745,0.34332275390625,19571081.490663372
0.0,cpu,cartpole,50000,100,620.8534109664101,128,1.71661376953125,True,0.16177283297292888,0.16106861657463015,0.16049775015562773,0.000436647840366132,1.71661376953125,31042670.54832051
0.0,cpu,gene-circuit,100,500,3106.3026430455375,256,0.003814697265625,True,0.16129362513311207,0.16096306685358286,0.16065120906569064,0.00023560492157321478,0.003814697265625,310630.26430455374
0.0,cpu,gene-circuit,1000,200,379.4471739903264,256,0.03814697265625,True,0.5284089168999344,0.527082592016086,0.5260344170965254,0.0008572649548095031,0.03814697265625,379447.1739903264
0.0,cpu,gene-circuit,5000,100,99.71098519994601,128,0.19073486328125,True,1.006097667152062,1.0028985251672566,1.0006391669157892,0.002049990736221717,0.19073486328125,498554.92599973
