agent_memory_mb,device,env_name,num_envs,num_steps,per_env_throughput_steps_per_s,scan_chunk_size,state_memory_mb,success,time_max_s,time_mean_s,time_min_s,time_std_s,total_memory_mb,total_throughput_steps_per_s
0.0,cpu,cartpole,100,1000,47818.59554444021,256,0.0034332275390625,True,0.02133862511254847,0.02091236659325659,0.020628999918699265,0.00023795598074474654,0.0034332275390625,4781859.554444022
0.0,cpu,cartpole,1000,1000,7284.699332193552,256,0.034332275390625,True,0.13740108394995332,0.13727402524091303,0.13713295804336667,0.00010197252254861414,0.034332275390625,7284699.3321935525
0.0,cpu,cartpole,10000,500,1918.3773893277748,256,0.34332275390625,True,0.2610418749973178,0.2606369334738702,0.26014683302491903,0.00029151658376493073,0.34332275390625,19183773.89327775
0.0,cpu,cartpole,50000,100,612.3492474066935,128,1.71661376953125,True,0.16707725008018315,0.16330549996346236,0.1612659168895334,0.001980134629268872,1.71661376953125,30617462.370334677
0.0,cpu,gene-circuit,100,500,3009.2770036449456,256,0.003814697265625,True,0.1669222079217434,0.1661528664175421,0.1655873330309987,0.00046983023784517744,0.003814697265625,300927.7003644946
0.0,cpu,gene-circuit,1000,200,371.83794226895935,256,0.03814697265625,True,0.538810667116195,0.5378687252290547,0.5373208750970662,0.0004987127664976189,0.03814697265625,371837.94226895936
0.0,cpu,gene-circuit,5000,100,91.41966975338279,128,0.19073486328125,True,1.130580083001405,1.0938565001357348,1.081468499964103,0.018480499630271114,0.19073486328125,457098.348766914
